gene_id,Chr,Start,End,Strand,Length,logFC,logCPM,LR,PValue,FDR
gene-LOC119067247,X,34753853,34757572,+,2261,-7.826106651244334,7.4233298797191365,2700.4827072768335,0,0
gene-LOC119069308,X,8675691,8677219,+,1273,-9.662765906592147,4.7382171285338694,1364.5927576464208,1.038887465864402e-298,3.7057115907383217e-295
gene-LOC119069815,X,59481275,59482899,+,1113,-5.336911117246736,5.004979930916028,1261.1784243713773,3.0888222651813472e-276,7.345219346601244e-273
gene-LOC119067993,X,6482894,6613150,-,2938,-7.824230131455267,4.317164978405351,905.7603731382504,5.4902136939073075e-199,9.791796123083684e-196
gene-LOC119080000,III,52176002,52179497,-,3187,-6.715059105925319,3.515611842061572,467.12162503240404,1.3555895420780655e-103,1.9341551586369837e-100
gene-LOC119068403,X,54820871,54822035,+,1136,-7.005021104578764,2.2538152325841327,315.7802647471568,1.2024575353179129e-70,1.4297220094929984e-67
gene-LOC119068355,X,22355012,22370713,-,1685,-6.9030789236324654,2.4319457811620366,314.35349660662354,2.4596069561242907e-70,2.5066908607129556e-67
gene-LOC119069622,X,62758564,62783742,+,4691,-1.874285836218227,5.18252604097348,268.67844772611693,2.2026139265797972e-60,1.9641809690275342e-57
gene-LOC119073067,associated_contig_81,2629,4797,+,1841,-2.2789656667905795,4.523905053234339,222.91024271274543,2.0970266662159156e-50,1.6622431374204824e-47
gene-LOC119069885,X,6423401,6426799,-,2011,-4.6506499570895965,2.2821635143439534,219.0302705855875,1.4720019360852515e-49,1.0501261812032184e-46
gene-LOC119071576,IV,49359165,49360553,+,1333,-3.6553585856050117,3.3246242008803595,218.1038410898807,2.344186535205689e-49,1.5203115220143076e-46
gene-LOC119068825,X,27476804,27538506,+,2976,-8.436496069504344,1.71200941417136,210.84244163165098,8.996438844689172e-48,5.3483828931677125e-45
gene-LOC119069689,X,61928843,61931396,-,2093,-10.6482533656614,1.2787268044670324,207.01598746193412,6.150557458480692e-47,3.375236685292404e-44
gene-LOC119082254,associated_contig_13,32363,34703,+,2013,-2.305460566822146,4.686804607365001,205.01829768730946,1.6780039236171725e-46,8.550628565060648e-44
gene-LOC119070117,X,5831124,5860429,+,7473,1.185879016981287,7.032983573618709,192.3526602739365,9.745683655759407e-44,4.635047146679175e-41
gene-LOC119071909,IV,53462448,53467450,-,2373,-3.7999419078386723,3.2601528543729885,191.31762004375327,1.63956313900665e-43,7.310402146045901e-41
gene-LOC119080643,X,49195963,49202388,+,2275,-2.140873808540235,4.630727550590649,182.79412084330264,1.1895309029766282e-41,4.991831448138391e-39
gene-LOC119080541,X,49208026,49210148,-,1764,-4.326600451848346,2.1578714488643023,173.83350657409972,1.0763254090822457e-39,4.2658363713293e-37
gene-LOC119069229,X,10485425,10489469,-,1680,-1.6954297158582445,6.90773824833455,173.0746165893845,1.5764269979483783e-39,5.919068528086174e-37
gene-LOC119070465,X,45239365,45243219,+,3622,-1.6129640150482194,4.894238549855173,160.1741135096225,1.0365893858980029e-36,3.697514339498176e-34
gene-LOC119067517,X,31182774,31211352,+,4139,-3.6295867734570515,2.5924980936909936,146.83666332777315,8.51996022671743e-34,2.8943522027334357e-31
gene-LOC119067360,X,37307525,37377334,-,3716,1.0231393546990841,6.491083938821576,135.04189163568267,3.2327572569055873e-31,1.0482950123074753e-28
gene-LOC119081046,X,49414568,49416291,+,1470,-9.725228487590961,0.37448385681121943,133.1312688108528,8.462706308805824e-31,2.6249107307400325e-28
gene-LOC119067251,X,34503958,34505568,-,1276,-4.84415822439016,1.3255364634205344,129.24853501291713,5.983660755024039e-30,1.778643159430896e-27
gene-LOC119068540,X,23621354,23647641,-,8692,-0.9984302827256337,7.385821998013853,118.73938746328524,1.194342050531979e-27,3.408174475398055e-25
gene-LOC119082027,X,56928769,56930882,+,2047,0.8859563893525138,6.799601485168171,117.12327609184254,2.6976785092731144e-27,7.40201480198246e-25
gene-LOC119070522,X,29050900,29052630,+,532,-1.181310549380073,7.839155604737517,115.86672984307823,5.083342664779716e-27,1.3431320952051294e-24
gene-LOC119068869,X,26698081,26699952,+,1631,0.8668613673537878,6.6374913956921135,115.38434639164015,6.483186529385203e-27,1.6518233107369298e-24
gene-LOC119069223,X,10224092,10226100,+,1663,1.2593158878354425,6.4095256492398764,109.17749177384562,1.4838559322478588e-25,3.6502855933297325e-23
gene-LOC119069685,X,62007710,62010137,+,2246,0.8010247796185885,6.632245918792916,101.86858783951277,5.9329916183156265e-24,1.410865406835456e-21
gene-LOC119069460,X,40092680,40097863,+,4627,0.8637195512800389,6.4969338124019895,100.62185827744995,1.1133230652191478e-23,2.5620795958946453e-21
gene-LOC119069181,X,9168546,9176523,+,3555,-0.7848219417118684,6.7970320423604385,94.32824909460251,2.6730811675986236e-22,5.959300328015181e-20
gene-LOC119070299,X,36965007,36966773,-,1644,-0.9986727121263754,5.269993975677182,92.58072485444488,6.463387915421914e-22,1.3972669511703012e-19
gene-LOC119084712,X,53415420,53416725,-,650,-2.85419772663032,1.994584356160903,91.88421668625752,9.18990679971062e-22,1.9282586796804577e-19
gene-LOC119068975,X,23069338,23074303,-,3217,-1.8376880082570255,3.626837810524782,91.18979033653459,1.3053201775784864e-21,2.6606154705271205e-19
gene-LOC119070331,X,46797310,46797981,-,672,-8.896186673300386,-0.40911598346322764,86.8154148239897,1.1913731671244218e-20,2.3609044928515624e-18
gene-LOC119070124,X,5731321,5738467,-,2211,-4.834664252966856,0.29049853190969843,81.00880341765082,2.2471439441941173e-19,4.332736458886712e-17
gene-LOC119069335,X,8173125,8238026,-,4080,-3.6655280780534625,0.7674589756821727,78.4118432343655,8.364915664703065e-19,1.5704028513682017e-16
gene-LOC119085601,associated_contig_145,1,1854,+,1336,1.0778032565066558,4.933542193578923,76.61029182890101,2.082515288372058e-18,3.8094010428836573e-16
gene-LOC119069273,X,10104448,10105581,-,1005,-0.9517036663850723,5.157571125277612,75.9267589943443,2.9438360347932794e-18,5.233354236491606e-16
gene-LOC119069430,X,40905319,40906424,-,974,-5.360716157665368,-0.11213676908363003,75.88439567894338,3.007674848558394e-18,5.233354236491606e-16
gene-LOC119069884,X,6420057,6423604,+,2985,-4.40096137406051,0.5503506082508794,73.86208975982068,8.37697712430555e-18,1.4228894001141857e-15
gene-LOC119067928,X,44163204,44164809,-,927,-0.8670680975214259,5.47377101762248,73.2401863401409,1.1479452629834053e-17,1.9045212804938634e-15
gene-LOC119080564,X,49436651,49438891,-,2060,0.8155495996840615,5.610763392270921,69.20481681301733,8.875102777341838e-17,1.438976891217197e-14
gene-LOC119068943,X,24524067,24526414,-,906,-3.9587038190093087,0.6799423092830736,69.03953013343595,9.650951782797341e-17,1.5299975559661386e-14
gene-LOC119068968,X,23128838,23137125,+,7962,-0.7754330690894115,8.05472048298599,68.3619378513229,1.3607894330340607e-16,2.1104069163619542e-14
gene-LOC119070453,X,45335124,45344686,-,3956,-5.560180671901467,-0.5603262160706386,66.89980438700437,2.856632464094967e-16,4.3360034040113815e-14
gene-LOC119067246,X,34731051,34732692,+,1482,0.6869194245016345,6.521877521167559,65.79505420484969,5.003363213564622e-16,7.43624857616042e-14
gene-LOC119082231,IV,43605138,43607140,+,1506,-3.9260743391187614,0.5502708947894738,65.74214053099726,5.139511535355704e-16,7.482709243515836e-14
gene-LOC119068954,X,24993345,25066465,-,9595,-5.911944964025288,-0.7039315368324967,63.999858453177126,1.2442815096821568e-15,1.7753408580145013e-13
gene-LOC119069851,X,58746724,58748002,-,1154,-0.8691959315275707,5.423702290587163,63.455178120680884,1.6405758374824783e-15,2.294876083254902e-13
gene-LOC119069054,X,11149773,11154199,+,1648,-2.1814165070746,2.104601759436042,63.07251012222862,1.9923540193776895e-15,2.733356456584699e-13
gene-LOC119069977,X,13239033,13239859,-,770,2.269481223529484,2.4756763909901167,61.17024799018648,5.234663198047547e-15,7.046054199032303e-13
gene-LOC119068847,X,27182417,27183623,-,768,-5.132147679589664,-0.11487192262091452,59.026187107609246,1.555874940537165e-14,2.0554836714429882e-12
gene-LOC119070098,X,15709071,15721953,+,5383,-0.9120142415007768,4.718807845617462,57.386186152079624,3.5811364341974946e-14,4.645059513011805e-12
gene-LOC119070032,X,14892333,14893248,-,858,0.7833416959742875,5.847785317492733,57.24792096500377,3.841950206642797e-14,4.894370138248163e-12
gene-LOC119070327,X,46905898,46910892,+,3100,0.6665422425228658,9.095917990317407,56.91603248162699,4.5482272596782943e-14,5.692465486060518e-12
gene-LOC119070663,IV,14962745,14965083,-,1905,3.393786284871584,1.50886250519161,54.88322249837465,1.2790824377338845e-13,1.573271398412678e-11
gene-LOC119081359,X,57233244,57239062,+,2802,-0.6365567438137644,6.7531631320608305,54.18638818348349,1.823456346625746e-13,2.2048368774284867e-11
gene-LOC119069795,X,59150740,59200219,+,3480,-5.629468774670979,-0.9792132017236312,53.044465036866995,3.2608254651792663e-13,3.877121478098148e-11
gene-LOC119067929,X,44172059,44173832,-,878,-0.7667467351849212,5.328126792255132,52.83156790197977,3.6341313399774567e-13,4.250146390065439e-11
gene-LOC119080591,X,49288541,49290528,+,1917,-1.4767453331278508,2.898232462298408,49.099932551109376,2.4324857592045834e-12,2.798927968736371e-10
gene-LOC119081673,III,35438804,35440486,+,1426,-1.0801185062989964,5.047848370071248,48.90828021616464,2.6821604888428726e-12,3.037227448794453e-10
gene-LOC119069092,X,12065113,12067621,-,2154,-1.130257594701753,4.016195266725816,48.58862753911654,3.156945951136589e-12,3.5190081899075665e-10
gene-LOC119082308,X,56924515,56926367,-,1780,1.0260632502844245,8.486668799096744,47.81551708507293,4.682711241235587e-12,5.139455691534565e-10
gene-LOC119068081,X,17659999,17949468,-,15176,-1.956033582736885,2.075667712952327,47.29248040275757,6.114633995850691e-12,6.609363473696793e-10
gene-LOC119068944,X,24513185,24515526,-,899,-3.7771378520045955,-0.21737893306654923,46.330105548689964,9.991687527729163e-12,1.0638910272062663e-9
gene-LOC119083638,X,54981629,54982573,+,870,-1.3028918490324668,3.2429947329839317,45.42521186723701,1.5857987081413393e-11,1.6636894093941637e-9
gene-LOC119069471,X,39049011,39096913,+,2761,-4.174474145482357,-0.6099516565085162,45.26823608314382,1.718132366578053e-11,1.776399464227222e-9
gene-LOC119069495,X,39569077,39578088,+,2518,-1.4569158022337376,3.271185165328292,44.98119639774231,1.9893555885725127e-11,2.027437538410901e-9
gene-LOC119085487,III,12579947,12580270,-,324,-1.4983593336717251,2.616829313729128,44.675182936558976,2.3258674475105734e-11,2.3370054043014692e-9
gene-LOC119083283,X,55530696,55539092,+,1874,-0.8651886566372662,4.995109962833464,44.04483534349758,3.209395700571082e-11,3.1799762399825136e-9
gene-LOC119069464,X,40021570,40027568,-,1678,0.6871185648511584,5.54859552129373,43.861834988425194,3.5239381307788404e-11,3.443804743147431e-9
gene-LOC119085165,IV,8276017,8277164,-,1022,-1.9820518783878882,1.7164435803099771,43.247614508580526,4.8232539929977304e-11,4.6498775656818655e-9
gene-LOC119067865,X,43083664,43094077,-,2079,-0.6024045525343333,8.13975147982756,42.81156312254466,6.027482294506169e-11,5.733341158534268e-9
gene-LOC119068463,X,47969953,47981551,-,3748,-2.4346954075726015,1.4907405880368128,42.727336785120244,6.292672048506207e-11,5.906831893953064e-9
gene-LOC119069508,X,39421935,39460802,+,2433,-3.5150062733741665,-0.5431564402258707,42.095531396645136,8.692158980627306e-11,8.053228852960415e-9
gene-LOC119077496,III,61676736,61678631,-,1896,1.777599194034064,4.877714543206357,41.806039024549264,1.0079162801937983e-10,9.218557362695586e-9
gene-LOC119082264,X,56753661,56763935,+,2366,-1.3861888368943127,3.0074194895679955,41.56726803921821,1.1388411053401226e-10,1.0284167652527132e-8
gene-LOC119068563,X,24317980,24321383,+,3202,-0.6672195704440121,5.210554750246975,41.402884159515175,1.2387448748296475e-10,1.104650742129338e-8
gene-LOC119068466,X,47884458,47888121,-,1829,-0.7839814662875242,4.958733208924321,41.25128641750556,1.3386371810083834e-10,1.1789923023844206e-8
gene-LOC119085704,X,48835895,48840535,+,4004,-0.5541982717855327,7.063645963093036,40.82833400462107,1.6620574017330663e-10,1.4459899395077676e-8
gene-LOC119077141,IV,60881441,60883332,-,1892,1.782002160270783,4.929110223340248,40.80328918447712,1.68349498733299e-10,1.4469943662209097e-8
gene-LOC119072214,IV,33737388,33739199,-,1812,1.7761793255745206,4.962044643842458,40.77438789415985,1.7085778355014615e-10,1.4510707474365985e-8
gene-LOC119078908,IV,21278170,21280061,-,1892,1.7740524701066407,4.925399621451526,40.69007061795781,1.7839134166761477e-10,1.4972280370079574e-8
gene-LOC119081121,III,45891267,45893087,+,1821,-0.7004509116762543,7.312213127263108,40.567419662122354,1.8994756466053103e-10,1.5756813096374747e-8
gene-LOC119082337,X,55814682,55816335,-,1654,0.7001670347085645,5.2934712917423745,40.02537303869375,2.506853621608733e-10,2.0556199697191607e-8
gene-LOC119068523,X,47018554,47025356,+,1949,-2.9037279066927204,0.5027418272878679,39.1599612152451,3.9046600855749344e-10,3.136648001727922e-8
gene-LOC119082718,X,56582561,56583676,-,981,0.5739479272531166,5.819351716069067,39.15573781671776,3.91311567358824e-10,3.136648001727922e-8
gene-LOC119069624,X,62788419,62794879,+,2131,0.4774274569769552,6.616578323985397,39.01036455019917,4.2156149447843195e-10,3.3415774462323705e-8
gene-LOC119068735,X,28422108,28423126,-,900,-2.231434080979706,1.1792268482051937,38.38657703715451,5.803016899493174e-10,4.538501520638407e-8
gene-LOC119067110,X,4338177,4340514,+,1541,-0.5104616213607647,6.210217499568069,38.36989094061319,5.85284748946921e-10,4.538501520638407e-8
gene-LOC119070108,X,15626341,15628004,-,1605,-0.5646680033302058,6.109946721681775,38.22013459018281,6.319694732532603e-10,4.8478174432137186e-8
gene-LOC119068633,X,23936853,23938537,+,1498,-3.6077069396842623,-0.6764466222609776,38.08465890189171,6.774065497551969e-10,5.141083325482526e-8
gene-LOC119066094,IV,85564565,85566455,+,1891,1.9168325772035146,2.9304249579498074,37.539811914161064,8.956603142797227e-10,6.725937560075307e-8
gene-LOC119070355,X,46622978,46623923,+,800,0.9289795922181678,4.418358724944996,35.3973648994871,2.6885036983008473e-9,1.9853361942148745e-7
gene-LOC119070531,X,29293047,29293871,-,825,0.5290812680312977,6.771897768231523,35.371227714899774,2.7248252627023246e-9,1.9853361942148745e-7
gene-LOC119081250,X,57547616,57549455,+,1746,0.4440711053103874,6.887338359608891,35.36948597435095,2.72726306466299e-9,1.9853361942148745e-7
gene-LOC119070392,X,46322848,46323822,-,715,-0.6396238272000385,5.91345853935982,35.168084715381575,3.0243967556848966e-9,2.1793986318238436e-7
gene-LOC119070298,X,36944373,36947134,-,1488,1.0681572664092407,3.366216964668503,35.12892403112858,3.0858314233897833e-9,2.2014321374462716e-7
gene-LOC119084138,X,53984046,54075503,-,6928,0.5093753210880919,6.501512229406309,34.98836112036634,3.3168199712199613e-9,2.3427914529389312e-7
gene-LOC119071665,IV,55627143,55629264,+,1114,0.7125397486410839,6.039818872031952,34.26712996533806,4.804279712962541e-9,3.3601697521838e-7
gene-LOC119083563,III,69939577,69944409,+,4157,-0.540008995738756,7.101614794749586,34.2157974007952,4.9326900984546826e-9,3.416486520619001e-7
gene-LOC119070018,X,14928723,14931134,-,1933,0.5703116014429311,5.559473675562625,33.905667661633494,5.784993225445186e-9,3.968282852915957e-7
gene-LOC119070142,X,5726822,5729416,+,1569,-0.4684084633943365,6.8003271642550045,33.64769688041522,6.60530389276061e-9,4.4878321877099226e-7
gene-LOC119068804,X,27785668,27790129,-,2155,-0.47458230106266963,6.34889038627879,32.74232214896683,1.0522109641012134e-8,7.081578318771752e-7
gene-LOC119066623,IV,86339089,86340904,+,1661,1.8079364619416827,3.067430912845091,32.669161979343265,1.0925696368538171e-8,7.284478307771151e-7
gene-LOC119082329,X,56586778,56588567,-,1526,0.5940165455022091,5.476573705761409,32.357398487805185,1.2826790998543303e-8,8.472808054037771e-7
gene-LOC119085744,X,50185755,50231373,+,4180,-1.062576915184925,4.345946262437413,32.33840017693808,1.2952813083927168e-8,8.477556746856552e-7
gene-LOC119067925,X,44099201,44121132,-,2745,0.45526433714042175,6.482063379591454,32.25108489606654,1.3548141884847378e-8,8.786585836954655e-7
gene-LOC119070329,X,46915137,46941452,-,2052,-2.1779703142832276,0.7880819433029367,32.199562245266215,1.391220971747783e-8,8.941414785989806e-7
gene-LOC119084782,X,53389611,53390620,-,940,0.6582437432333262,8.519571779473194,32.115657534070195,1.452618684015373e-8,9.189688628287072e-7
gene-LOC119079736,III,7791670,7792701,-,1032,0.6419699998968889,7.221149513231257,32.1116560035433,1.4556137019854767e-8,9.189688628287072e-7
gene-LOC119068345,X,22128045,22130013,+,1906,-0.4662838207053359,6.48163274234615,31.48612042912654,2.0087095773296883e-8,1.2570293091815788e-6
gene-LOC119068239,X,20130700,20136814,-,2330,0.8257046304359259,4.150977416701051,31.260779643463724,2.2559136659569135e-8,1.399451138516228e-6
gene-LOC119068621,X,24014659,24052939,+,4634,0.8770606633249144,3.9718019998374676,31.186148594917274,2.3443288527604954e-8,1.4417622444477047e-6
gene-LOC119085185,IV,8923062,8924964,-,1903,1.7455572332714415,3.802902786069743,31.049157403925854,2.515755136659824e-8,1.5339655679428362e-6
gene-LOC119082830,IV,38851541,38853684,+,1140,0.6990349231573083,6.039293444807024,30.949073184621504,2.6488854772873555e-8,1.6014533046583045e-6
gene-LOC119072346,IV,32916389,32918680,-,1739,0.7446671841007236,6.183017793357222,30.191727732373273,3.9137522849310516e-8,2.3462780504788337e-6
gene-LOC119072587,IV,89213161,89214812,+,1652,1.821324378789361,2.606952222956697,30.089547664865826,4.125488057548655e-8,2.4526026502126753e-6
gene-LOC119067224,X,34286227,34287353,-,759,-0.5720421413130506,5.492115806246325,29.78041292113339,4.838558730100372e-8,2.8527502463252934e-6
gene-LOC119085716,X,49891804,49893767,-,1060,-0.7194624203027437,4.379772214554527,29.593039449757594,5.3295981837396154e-8,3.1165043805572472e-6
gene-LOC119066999,X,4465262,4512667,-,4803,1.0414150551593706,3.1020864694086545,29.379726318615262,5.949682456492088e-8,3.450815824765411e-6
gene-LOC119069031,X,386523,387142,+,508,-7.441400998909927,-1.7400996269216844,29.3406369727443,6.070913562913289e-8,3.4927336578889844e-6
gene-LOC119067926,X,44159869,44162371,-,1668,-0.9780003895442394,3.4329738263630647,29.286583089742777,6.242643865608895e-8,3.5628017069803086e-6
gene-LOC119068351,X,22281896,22307047,+,5880,0.4840176555411789,8.813554492982487,29.12511945370366,6.785152007689217e-8,3.841688446258323e-6
gene-LOC119075587,IV,60637832,60639718,+,1784,1.8302456360301211,2.5737644132243807,28.72959324997349,8.322224196651657e-8,4.674862001489207e-6
gene-LOC119070364,X,46489300,46490446,-,1011,0.7895533173992192,4.022289939537995,28.689499785170213,8.496316462671231e-8,4.735368878491919e-6
gene-LOC119071561,IV,49377093,49379607,+,1870,1.8500369972096156,2.731399619837312,28.603914297884696,8.880249084643433e-8,4.910984261228392e-6
gene-LOC119067884,X,43294100,43296351,-,1906,-0.4153424060074607,6.794487107191875,28.538615248782108,9.184829226527397e-8,5.0372026640032e-6
gene-LOC119067135,X,35227078,35233355,-,2086,2.2966046926126182,0.7387611870014931,28.524988252516412,9.249699312929902e-8,5.0372026640032e-6
gene-LOC119067244,X,34728304,34730164,-,1133,-2.4713719820552775,0.08144260092257273,27.94804560145525,1.2461675991784915e-7,6.7349694337419385e-6
gene-LOC119068037,X,16815468,16817449,-,1465,-2.139967811028224,0.46322586611347505,27.911678919287052,1.2698100913709522e-7,6.811146760782235e-6
gene-LOC119070468,X,45219822,45226840,-,1475,0.8780802429278898,4.021120581476458,27.535128607210424,1.5426696503822283e-7,8.212989019273744e-6
gene-LOC119067965,X,42245540,42249095,+,1020,-1.196397221452378,2.6061125530684848,27.153690582942737,1.879061477472915e-7,9.929795985401314e-6
gene-LOC119070461,X,45267287,45272172,+,1939,-2.7038861976841506,-0.36249597128106775,26.779370966851058,2.280589296552367e-7,1.1963032383532784e-5
gene-LOC119083592,X,55013771,55042480,+,10545,0.39467493752209437,6.895925862075686,26.716170144446927,2.3564128126725054e-7,1.2270546719420185e-5
gene-LOC119067921,X,44356208,44366091,-,2439,0.5236127721966236,5.820824467914682,26.524857231871216,2.601688068517762e-7,1.3449596145511388e-5
gene-LOC119085756,X,50945419,50963279,+,2003,0.4476239309348212,7.323499951876869,26.34175608983709,2.860372054439997e-7,1.4680499450629451e-5
gene-LOC119070486,X,44612549,44634718,-,7931,-1.5839065833810426,1.6961475335308673,26.26696086763721,2.973320052691355e-7,1.515118946850009e-5
gene-LOC119071652,IV,55484712,55486383,+,1380,-1.1570616202807984,3.5870360194147564,26.029379118229553,3.3626120635214124e-7,1.701338614266791e-5
gene-LOC119070077,X,15876533,15944404,+,7213,-1.4420167053468231,1.8630641010876148,25.742555039346726,3.9012905930470474e-7,1.959986414844904e-5
gene-LOC119068771,X,27974781,27977460,-,1722,-0.6207772118231519,4.7354529514484485,25.341048885745373,4.803763437339787e-7,2.3965068784602822e-5
gene-LOC119084329,X,53892733,53895588,+,1430,0.5189820536574384,7.777865345838563,25.201950823960164,5.162994622486665e-7,2.5578335858902685e-5
gene-LOC119069507,X,39645427,39687846,+,1598,-1.9886674300876557,0.5146752764186702,25.11135943467728,5.411315102135039e-7,2.6623670302504395e-5
gene-LOC119067862,X,43024945,43026843,+,1284,-0.4514070746424893,6.377512823089333,24.67854511428522,6.773402881150818e-7,3.309688777680132e-5
gene-LOC119068873,X,26714651,26717368,-,1553,-2.1110486837290288,0.16415014851529017,24.661661170910335,6.833004086014782e-7,3.3160987176618676e-5
gene-LOC119068525,X,47006117,47007209,-,942,0.7778268358602604,3.9293092410774437,24.576434653101963,7.141981365984334e-7,3.442628044927854e-5
gene-LOC119068140,X,18635102,18639260,-,3907,-0.4659241710801039,5.745916570292877,24.450681510444625,7.623653991214143e-7,3.6501441324376974e-5
gene-LOC119069991,X,14630569,14709369,-,8059,-1.2249375610961035,2.657801100534346,24.20908601266043,8.642359873820391e-7,4.110306355988978e-5
gene-LOC119080274,III,50968417,50969390,+,796,-2.642621068533373,-0.7121619013010093,24.00221126786411,9.622512459025864e-7,4.5461591975291734e-5
gene-LOC119070572,X,30431938,30433127,+,928,0.8976163339862929,3.634429854530202,23.986954348633034,9.699065774243924e-7,4.5521799495694833e-5
gene-LOC119070595,X,30234888,30235678,-,626,-0.8029471715875058,4.337769146177981,23.966893487681382,9.800653680030575e-7,4.569794990414256e-5
gene-LOC119068018,X,18102747,18107836,-,1368,1.7485952016424013,1.6103394725080085,23.707987782760632,1.1211623258357288e-6,5.16570765947262e-5
gene-LOC119068878,X,26945291,26950271,+,1493,0.4413996824278501,8.046142986388878,23.705949665520233,1.1223502764483545e-6,5.16570765947262e-5
gene-LOC119067295,X,35768866,35806464,-,3794,0.4161710003716177,7.117489761790466,23.60565574181178,1.1823947648923638e-6,5.407182213296233e-5
gene-LOC119081503,III,31133473,31134205,-,641,4.3548666855320946,7.797447294350652,23.43898694619755,1.2893874576766461e-6,5.8589109064109514e-5
gene-LOC119081025,X,49194313,49195211,+,777,-0.5738673090860303,5.263009384670761,23.360850860102836,1.3428385821058567e-6,6.063171167558976e-5
gene-LOC119079468,III,55897986,55969847,+,3752,-0.4945756840961086,5.304469740434573,23.21285857009101,1.4502438595566869e-6,6.506943203822266e-5
gene-LOC119069091,X,12070515,12082081,+,3082,-1.5210219961850096,1.3176423594356048,22.978283857419523,1.638417674575107e-6,7.305294806511759e-5
gene-LOC119067266,X,35735058,35737598,-,1946,0.48852430515343737,7.120904979171074,22.233409625159943,2.4143589135819147e-6,1.0698159310244335e-4
gene-LOC119081493,X,57112969,57115292,+,1970,0.49082316891524536,9.543615014090072,22.11406778620251,2.5692005602443413e-6,1.1313998022705636e-4
gene-LOC119069893,X,13727874,13733598,-,2692,0.4214045414951555,6.499630757114543,22.03115907094279,2.6825998596068038e-6,1.1740900244438611e-4
gene-LOC119071564,IV,49379822,49381595,+,1774,1.8425056857344773,1.628705316637694,21.908292225050797,2.859954306742829e-6,1.2440801234331306e-4
gene-LOC119081122,X,57668515,57680484,-,6369,-0.4111151926850513,6.275275556561618,21.530592238885745,3.4822895832860203e-6,1.5056153871007556e-4
gene-LOC119083565,III,70743901,70770257,+,4945,-2.3993658772339526,-0.1810749679451705,21.514705440530342,3.511257417807875e-6,1.5089946035326134e-4
gene-LOC119069133,X,11202923,11204885,+,1352,-0.9002803133826723,3.296510743559242,21.458161014322357,3.6163359298328204e-6,1.544846737929781e-4
gene-LOC119068759,X,28128155,28129933,-,1124,-0.4677428130287572,5.801227961110906,21.26936204862337,3.990589833956631e-6,1.6880146970081446e-4
gene-LOC119067105,X,4251701,4254762,+,1886,-2.13554640656735,-0.2092883754546742,21.265421810644824,3.998801286716799e-6,1.6880146970081446e-4
gene-LOC119070420,X,45597411,45600400,-,2116,0.7334196309938007,4.2936402533346705,21.20947783822178,4.117234669975687e-6,1.7277854197415615e-4
gene-LOC119067514,X,31315765,31320994,-,2314,-1.8150751022297156,0.19032148652600508,20.943990052655174,4.7290911256837615e-6,1.9729436310308746e-4
gene-LOC119084519,X,53606767,53631927,+,6707,0.7689289150657033,4.179170869044336,20.83661713453121,5.001749075315472e-6,2.0745626687965448e-4
gene-LOC119068084,X,17957325,17966401,+,2187,-1.327351578490716,2.3054245611169137,20.674437919713267,5.443791659341541e-6,2.244856051892633e-4
gene-LOC119070739,IV,16929125,16931483,-,1692,2.721195303591786,-0.07030481049206495,20.61627126286077,5.611713855026868e-6,2.300802680561016e-4
gene-LOC119068378,X,18219001,18226915,-,804,-1.3318933234139136,1.7120987904779843,20.546975139475713,5.818566219531508e-6,2.3719800805793018e-4
gene-LOC119080698,III,45229259,45252449,+,2938,-0.5062477814211067,4.963416558794304,20.45123032287109,6.117022088580575e-6,2.479479294314421e-4
gene-LOC119071133,IV,69040486,69149098,-,9139,-1.029029467878206,2.6128731693656695,20.351536360877844,6.444132752545592e-6,2.597313167042952e-4
gene-LOC119068805,X,27784439,27785639,+,1046,-1.212633129439349,2.106116376514794,20.265618054911286,6.7400984916274335e-6,2.701340597711804e-4
gene-LOC119070350,X,46670253,46682430,-,1423,-1.875014412231845,3.6447530267917494,20.197371713941475,6.984883864863175e-6,2.783807904577312e-4
gene-LOC119068123,X,18304191,18311901,-,4822,-0.4020746272157382,8.30438657506573,20.165893043265445,7.100779605589384e-6,2.8142756503485923e-4
gene-LOC119068868,X,26964778,26966836,-,2001,-0.3317503841756245,7.009763111240578,20.112510238998663,7.301750201775865e-6,2.872255298849613e-4
gene-LOC119083643,X,54955136,54980409,-,4805,0.40016830003200965,6.326682061201107,20.105753088460183,7.327592716437197e-6,2.872255298849613e-4
gene-LOC119067124,X,35450620,35451041,+,356,-2.539492143971983,-0.6877896181740558,20.065228572238386,7.484515494352019e-6,2.917734073044115e-4
gene-LOC119082397,IV,65930077,65932276,-,1962,0.6496854193528332,4.269842208809461,20.007125700650906,7.715411573330084e-6,2.991399248050914e-4
gene-LOC119068911,X,26477162,26477945,-,719,-0.44378542030935836,6.075798920335047,19.872716445751266,8.277324747890226e-6,3.1919153919702094e-4
gene-LOC119068058,X,18166537,18168444,-,1232,-1.1436951726523616,2.268126283033621,19.810623306096915,8.550612418893908e-6,3.2795736019564054e-4
gene-LOC119072168,IV,34397314,34398510,-,1130,-1.8394680976124373,4.408338743670878,19.793645149560383,8.626902351706561e-6,3.291140180592225e-4
gene-LOC119067952,X,42063230,42075107,-,3017,-0.44398862176186443,5.601321448010677,19.69898485286476,9.064950681509252e-6,3.439859476696117e-4
gene-LOC119068344,X,22123442,22130013,+,1891,-1.121709503738995,2.079138018871996,19.64143970807567,9.342090241905846e-6,3.5262683484527145e-4
gene-LOC119081459,X,57134741,57164061,+,3166,0.4138562623322248,5.69070376848922,19.590752085824693,9.593242734733849e-6,3.602010193136383e-4
gene-LOC119069342,X,7260432,7263109,-,1686,0.3757543250412406,6.31942908418171,19.27036712366295,1.1345358745318146e-5,4.2375805910523383e-4
gene-LOC119080736,X,48743840,48746744,-,1292,0.4063463960684199,5.9419659130808675,19.125101398459012,1.2242414400719786e-5,4.5488221007674456e-4
gene-LOC119085097,X,52753396,52756351,+,1830,0.8275478979368899,3.0698698400284665,19.05627464649159,1.2691976996526613e-5,4.6914281809958995e-4
gene-LOC119083523,IV,39952634,39954903,+,848,-0.6525028542396257,7.4183594234005525,18.92319015052184,1.3608829209680077e-5,5.004401421745241e-4
gene-LOC119070591,X,30273925,30276668,-,1456,0.4461743192305356,5.663607325853597,18.89525611867304,1.3809565154861202e-5,5.052176298193837e-4
gene-LOC119070389,X,46231451,46320609,+,2861,-2.4147396760607083,-0.6558167905171856,18.873216991400238,1.3970036438219168e-5,5.084808160727325e-4
gene-LOC119084223,X,53936852,53938963,+,1830,0.3725460497024609,6.546389956025712,18.750227286293747,1.4900559780346754e-5,5.395969211827094e-4
gene-LOC119082967,X,56546834,56547530,+,512,-2.5091490607275793,-0.7249822910911491,18.50823284988659,1.6917196648215033e-5,6.08473117204984e-4
gene-LOC119072269,IV,30589599,30591410,+,1109,-0.6169751320751825,4.478701082875864,18.501944135358247,1.697310769887746e-5,6.08473117204984e-4
gene-LOC119070036,X,15112057,15114506,-,1192,0.5345502303121872,5.178549376112156,18.467142827052083,1.728588827478452e-5,6.165876347615638e-4
gene-LOC119083459,X,55083779,55084752,-,918,0.3796935229748836,7.648453320270332,18.422777991481812,1.7693032017002132e-5,6.279705990512099e-4
gene-LOC119068729,X,28458005,28478504,+,1194,0.3623784816611735,6.860502118681622,18.246233390284388,1.9410941228732285e-5,6.855329441870106e-4
gene-LOC119084749,III,4857271,4858804,+,1065,2.8704904748868665,-1.126418130377151,18.162906550398915,2.0279037257363824e-5,7.126633093302144e-4
gene-LOC119069512,X,39985692,39986432,+,686,-2.2330677784135258,-0.6136270043182092,17.99133816534477,2.2191242681651753e-5,7.760408102495275e-4
gene-LOC119073778,III,20703437,20714205,-,5068,-2.0169825278098785,0.04537496058744428,17.951569502044613,2.2659749434887095e-5,7.885592803340708e-4
gene-LOC119067080,X,4903024,4919416,+,3988,-0.5319511082952627,5.030522118351898,17.938315890363505,2.2818085323961235e-5,7.902146635977644e-4
gene-LOC119067313,X,35999567,36012203,-,916,0.3933048779302507,7.562852634958608,17.89800140166861,2.3306573506838154e-5,8.03232344916828e-4
gene-LOC119085732,X,57703940,57705968,+,1850,0.4402238853556091,5.910438168139346,17.856433148091885,2.3821259373876006e-5,8.170233864097664e-4
gene-LOC119071570,IV,49344906,49373794,+,1865,-2.571731607500773,0.011342510750838442,17.82236328703872,2.4251607696283877e-5,8.27803680886551e-4
gene-LOC119081974,IV,42509328,42520220,-,2103,-0.7973807345258569,3.087439994286977,17.800603552823723,2.453054174303409e-5,8.333375466419294e-4
gene-LOC119067168,X,35601453,35607352,+,1630,-1.6847288523207016,0.48993291818540347,17.68989435072565,2.6000425908828972e-5,8.790854902065682e-4
gene-LOC119070472,X,45038270,45147336,-,5892,-0.5135108666788575,5.874457980851648,17.604092291658255,2.7200239850890116e-5,9.153137315860854e-4
gene-LOC119067267,X,35738075,35739240,+,1026,-0.3525895706021888,6.664025208363168,17.57972490386421,2.75510168943424e-5,9.227650447147355e-4
gene-LOC119080410,X,48960156,48964730,-,2170,0.5405509561854734,4.5129522224941825,17.566746525711157,2.7739696877499635e-5,9.247429790844973e-4
gene-LOC119082522,associated_contig_121,22518,23878,+,1033,-0.5601735947558943,9.603697250137623,17.537263738545278,2.8173158014266744e-5,9.348246942966462e-4
gene-LOC119068313,X,21495702,21502411,+,2750,0.45576716887949076,5.648319138942469,17.430871958670835,2.979473424723352e-5,9.840538616655737e-4
gene-LOC119067555,X,32111270,32112113,+,722,0.6336572081510229,3.8378434799692753,17.241154364726764,3.292267743169047e-5,0.0010823519852427642
gene-LOC119067949,X,42075063,42079405,+,2535,-0.4018891370502933,6.2657370673228625,17.219070226786005,3.33076037460967e-5,0.001089983693232357
gene-LOC119068224,X,19892522,19909560,-,4698,2.1808471680988144,-0.10198742117231137,17.179030275610675,3.401707243419613e-5,0.0011081177842262792
gene-LOC119084538,associated_contig_184,1663,8808,+,2388,0.4536299817950009,6.084854416240042,17.160767602023327,3.434569400804535e-5,0.0011137371866063435
gene-LOC119085621,X,52028287,52032083,+,2291,-0.40782308324980526,5.722021833474461,17.087552677777705,3.569549034414279e-5,0.001152269810475632
gene-LOC119080749,X,49461720,49469912,+,1871,-0.5542387434114288,4.906944147455767,17.027943852649933,3.6833733190436164e-5,0.0011836569936061784
gene-LOC119067914,X,44003560,44004715,+,893,-0.4607159199878279,5.365414931610386,16.91236289821591,3.914579616563454e-5,0.0012523143939266225
gene-LOC119067916,X,44020308,44033123,-,4925,1.417366752497255,0.9227526285033603,16.62689267763907,4.550125999536714e-5,0.0014491338786024517
gene-LOC119067844,X,42478644,42541107,-,5287,1.0763315384247567,2.4726582852529755,16.543549019287937,4.754545632240868e-5,0.001507507935129171
gene-LOC119070088,X,15809430,15810572,+,950,-0.4493801796447055,5.2854610491446685,16.516856540428925,4.821948070182394e-5,0.0015221140501186373
gene-LOC119070581,X,30394936,30395983,+,912,0.40473354786551324,5.624360838790561,16.45933821987765,4.9704742747596124e-5,0.0015620864967460385
gene-LOC119077146,IV,61593008,61602501,-,1338,0.6594024350501396,4.577602039462842,16.33243425268522,5.3146489492035286e-5,0.0016629256843692095
gene-LOC119068872,X,26537070,26538895,-,1616,0.8526244932667298,2.9243288122819395,16.286592490685486,5.444784458536401e-5,0.0016962049051178463
gene-LOC119066358,IV,73072533,73075587,-,1722,-0.3584434120673776,7.020888197081265,16.135003535197626,5.8983743095741937e-5,0.001829521840195752
gene-LOC119068894,X,26963172,26964602,-,494,1.806265083518786,0.39542837791199004,16.002929399850597,6.324454932973718e-5,0.001953188809170325
gene-LOC119083416,IV,34921023,34923154,+,1909,0.6185185678514594,4.953568321941791,15.97249607222721,6.426945381215073e-5,0.001976285704723635
gene-LOC119069419,X,40431823,40433511,-,1408,-0.5091289733618561,4.559603046648179,15.953641939059224,6.491276910772174e-5,0.0019875008361136775
gene-LOC119070060,X,15120199,15121710,+,1341,-0.4614024970051497,4.910537934119939,15.85966219573449,6.821733771573739e-5,0.0020797542190772243
gene-LOC119072036,IV,56225136,56231198,+,5109,2.016754542153386,-0.33659785169726053,15.71303878093614,7.371427542775526e-5,0.002237777195325983
gene-LOC119076248,IV,58735198,58737052,+,1855,1.63043964371243,1.1608730159191807,15.57063618371513,7.947937518516928e-5,0.0024025672142838884
gene-LOC119078411,associated_contig_229,6828,18910,+,657,3.649258734810052,-0.5165504157358443,15.484851614910045,8.316911978378524e-5,0.0025034957828587506
gene-LOC119066329,IV,73334194,73334977,-,784,0.8575007584521563,4.152464962058828,15.32928073958547,9.030588737345146e-5,0.0027069000021941294
gene-LOC119069463,X,40107584,40109368,-,1728,-1.0423720914928776,2.066059915096275,15.28571399734438,9.241277830717958e-5,0.00273940804645153
gene-LOC119070075,X,15971309,15972414,+,908,0.42521267814870345,5.365193332439292,15.279325927792414,9.272583672241336e-5,0.00273940804645153
gene-LOC119070564,X,30590155,30591770,-,1442,0.5031486770023318,4.49692759570211,15.275472894786981,9.291517700646798e-5,0.00273940804645153
gene-LOC119068731,X,28436291,28453890,+,5679,0.3188148116864578,6.714779021880977,15.26992184587958,9.318864298866939e-5,0.00273940804645153
gene-LOC119068693,X,28794783,28799944,+,2380,0.34367791980974194,6.38125010111642,15.26745626479391,9.331036659485868e-5,0.00273940804645153
gene-LOC119085087,X,52762515,52867455,-,3237,0.42653670661643056,6.072544110017918,15.22935184215627,9.521202234622037e-5,0.002773648607511215
gene-LOC119068843,X,27216992,27228537,+,2060,-1.4136856627188747,0.681793166643799,15.2285141755878,9.52542625231634e-5,0.002773648607511215
gene-LOC119081435,III,31215440,31265985,+,2879,1.4196860129849653,1.7952065846534135,15.200268046717976,9.668969507915024e-5,0.002804001157295357
gene-LOC119067160,X,34375110,34379852,-,2725,0.3942359512099118,5.7371466747159925,15.190209997193042,9.72060714514966e-5,0.0028075632135019304
gene-LOC119067734,X,67720480,67743327,-,3696,-0.4270740033291423,6.455088106187769,15.039902355934473,1.0526190645465832e-4,0.0030243934577659287
gene-LOC119080763,III,46012279,46014406,-,2128,1.229603636832376,1.7876573283712334,15.034542691233412,1.0556125189006396e-4,0.0030243934577659287
gene-LOC119070128,X,5926851,5929777,-,1962,0.3339646756826674,6.4736931802765625,14.812488212335323,1.1874654425391698e-4,0.0033827574715138086
gene-LOC119069540,X,41814115,41815915,+,1670,-0.34839372885276604,6.654520880909529,14.808187085916448,1.1901767947153993e-4,0.0033827574715138086
gene-LOC119068959,X,23380561,23411679,+,4678,-1.2547415294103303,1.240988226122446,14.606462718653072,1.3245950386961945e-4,0.003749865478594703
gene-LOC119072639,IV,88835927,88843926,+,7656,-0.38269979045018176,6.052796000919695,14.585790696708509,1.3392056300123078e-4,0.0037762422784615823
gene-LOC119068840,X,27239394,27242019,+,2183,-0.4287553021686504,5.006281131744012,14.474022357059654,1.4210584101481227e-4,0.0039912719283451605
gene-LOC119066995,X,5493694,5495585,+,1442,0.34100392962643394,7.571496882412231,14.455588716718589,1.4350341251056896e-4,0.0040147189994133295
gene-LOC119070419,X,45596425,45616775,+,2430,0.5857566215286392,3.828616479899352,14.44769103571932,1.4410641303137895e-4,0.004015840431897881
gene-LOC119068476,X,47855289,47868164,+,1808,0.33570048897042587,7.0014304152434494,14.323041757161189,1.5396870434170658e-4,0.004273979520520369
gene-LOC119069886,X,6316121,6318048,-,1483,0.3319800852368826,7.495866693306708,14.19971696349605,1.6439523877984663e-4,0.004545719509517154
gene-LOC119068457,X,47986823,48005337,+,2842,-0.3535110799837513,6.589933805548184,14.018830398618544,1.8098902225155316e-4,0.004985234304025406
gene-LOC119085876,IV,83368858,83369721,-,864,-1.8706763051143545,0.9788767000603481,13.933256579939421,1.8941728275362663e-4,0.005197318827555278
gene-LOC119067879,X,43250701,43254880,-,2555,0.36005385761680725,7.307783854205826,13.92363234084165,1.903895874009574e-4,0.005203982055626169
gene-LOC119069102,X,11947323,11948762,+,1381,-0.29728701510692,6.822974133538862,13.91171553072688,1.9160047269654886e-4,0.0052170907336533574
gene-LOC119076989,IV,63257394,63263299,-,1219,-0.5328625233111282,6.005755637105164,13.883784875848352,1.9446903913813879e-4,0.005275065114872556
gene-LOC119068994,X,22966704,22969648,+,1145,0.3880201648668074,5.688005568865588,13.835657918697496,1.9951371320338967e-4,0.0053914046590643255
gene-LOC119069445,X,40028513,40085029,+,1755,0.6936776816097608,4.418420237143124,13.72330986379318,2.1180927929037276e-4,0.005702065654556676
gene-LOC119073166,III,27054813,27056174,-,987,4.256381230383396,0.8543836220271456,13.710481253851304,2.132609783324499e-4,0.005719563230916156
gene-LOC119067074,X,4847877,4854355,-,3844,0.42193891573705716,8.642856128636028,13.700896218939953,2.14352170703633e-4,0.005727297325092576
gene-LOC119083540,X,55056253,55058603,-,1902,0.3257885215808552,7.740229330280136,13.687143037635163,2.1592771339547446e-4,0.005747866818519831
gene-LOC119070335,X,46783192,46797146,+,4159,-0.546687558020047,4.060557224610488,13.64373488170639,2.209774316914514e-4,0.005860420065750239
gene-LOC119070010,X,14314052,14316234,+,2120,-0.6718267048872567,3.38811907206827,13.456191117135242,2.441990108009838e-4,0.0064522805298304385
gene-LOC119068528,X,40606540,40613511,+,1356,0.7595394302993149,3.064473769550635,13.32111741290763,2.624337402397129e-4,0.006893020219973724
gene-LOC119082439,X,56330296,56353249,+,4657,0.3273613611889914,8.281823144585752,13.31841600437496,2.628120969768507e-4,0.006893020219973724
gene-LOC119083458,IV,44676191,44678521,+,1783,2.367853876832601,-0.22741400197319975,13.306771039695573,2.644493834294039e-4,0.006910556415331015
gene-LOC119068367,X,20263847,20265362,+,1433,0.5385447199341699,4.846393923098935,13.203159848165704,2.7947751470318825e-4,0.007273916421479642
gene-LOC119069225,X,10404690,10415461,+,3568,1.3411720311022859,1.5450223390533322,13.197027645203622,2.803934701299273e-4,0.007273916421479642
gene-LOC119067291,X,36033016,36037081,-,3208,0.3610569495278768,6.786294304343829,13.186618513201102,2.819551958434272e-4,0.007287928866474673
gene-LOC119085125,IV,7650620,7652557,-,1858,-1.3941547483145331,8.231096393077834,13.17321513200253,2.839790838484718e-4,0.007313742903158837
gene-LOC119067214,X,34638483,34641779,-,871,0.915375981434551,2.5089164853226276,13.154089967558319,2.868923364385573e-4,0.007362193986160676
gene-LOC119069874,X,6411657,6412621,+,889,0.5155046201430112,4.96391942977607,13.062931409526765,3.011976667979637e-4,0.00770159195317804
gene-LOC119084802,III,12087488,12104141,+,6078,-0.41258263728086564,5.450484966686452,13.014793737519184,3.0903980583999027e-4,0.007873892767366037
gene-LOC119078346,IV,35390029,35391968,-,1418,0.35314239767926126,7.046973837068192,12.963636445268655,3.175996885596719e-4,0.008063189246208894
gene-LOC119085720,associated_contig_251,9737,11093,-,1046,0.35222794357320475,6.13963525414109,12.876170396579052,3.3279253494130436e-4,0.008397366386563404
gene-LOC119069690,X,61662832,61664860,-,1703,0.3423624325485265,7.623938078566247,12.874348225125686,3.331167209696444e-4,0.008397366386563404
gene-LOC119082186,X,56779680,56814243,+,2926,-0.30893730739004677,6.5880671763436975,12.853823833998945,3.3679032487468705e-4,0.00846007809033809
gene-LOC119082176,III,29244025,29245038,-,729,2.9158750735682624,2.146957419249062,12.696190803605964,3.6640119622636565e-4,0.0091716004697505
gene-LOC119067343,X,37101485,37105946,+,2940,-1.7909234910648322,-0.7258278064799917,12.639896978264936,3.776007865266611e-4,0.00941889514364056
gene-LOC119082471,X,55997467,55998957,-,1235,-0.4301684001273222,5.589344968254603,12.627326367354256,3.8014849429718675e-4,0.00944489448853332
gene-LOC119076333,IV,57344215,57347034,-,2432,2.274269146422338,0.6179417588448037,12.62171698115641,3.812909465513872e-4,0.00944489448853332
gene-LOC119069224,X,9080318,9098582,+,5011,0.5551896059886248,3.891193054838425,12.369727432012843,4.36351303698345e-4,0.010771384777107243
gene-LOC119083431,associated_contig_54,16234,17845,-,1295,3.3798057554938254,-0.5949139281985485,12.2162625191954,4.737474074485549e-4,0.01165418622323445
gene-LOC119084762,III,4442125,4447479,+,5355,1.8651349281096812,-0.23697920798054842,12.106143868715835,5.025595757925687e-4,0.012320481146749777
gene-LOC119069860,X,58646656,58647918,+,1063,0.3783119671018866,7.478221993495696,12.04392719203543,5.196138322309567e-4,0.012692608204576052
gene-LOC119081369,III,31759101,31761768,+,2040,1.4738339134753067,0.020316713140696233,12.037898145165835,5.21297197076084e-4,0.012692608204576052
gene-LOC119069144,X,10983332,10984010,-,611,-0.3995129377925481,5.006363543871633,11.973003668981207,5.397686322346284e-4,0.013057583719507779
gene-LOC119077071,IV,62304410,62336602,-,6351,-1.4327975949713105,0.1112034279817012,11.972385446606395,5.399477428167641e-4,0.013057583719507779
gene-LOC119068541,X,23666994,23719014,-,6825,-0.3562186542195356,5.801468418766165,11.947529848016206,5.471987942784941e-4,0.013188230399941814
gene-LOC119066256,IV,74489794,74493562,+,2312,0.7494214666258039,2.8964065488194954,11.936756742274506,5.503720641317402e-4,0.013220048166719983
gene-LOC119077466,III,61816232,61846897,+,7016,0.7811520159738782,2.740096741588726,11.884777802192001,5.659457675015601e-4,0.013548513776362852
gene-LOC119067435,X,38479703,38485489,-,1246,0.31327621146707574,8.40186382602861,11.739413849229727,6.119029208300804e-4,0.014599717181276901
gene-LOC119067383,X,37688746,37692867,+,3211,-0.2757107868664053,6.549763260280476,11.695489873443849,6.265177312465961e-4,0.014875719731039835
gene-LOC119070441,X,45396929,45401206,+,2445,0.2882050040333559,6.1874268461596635,11.692156579289142,6.276411044355187e-4,0.014875719731039835
gene-LOC119083147,X,55642021,55643022,-,944,0.3559760922792263,5.221418625842201,11.664049040958089,6.371950594101009e-4,0.015052150840502184
gene-LOC119068193,X,19010577,19143527,+,2802,-1.6358930359277843,1.1024251050165792,11.656203239708812,6.398880315204244e-4,0.015065878603520488
gene-LOC119076343,IV,57262108,57278493,-,11615,-0.5515546748320993,4.634002999013252,11.615381439522215,6.540862232379567e-4,0.015349510251906522
gene-LOC119068667,X,25371063,25372903,-,1434,0.4655454038160304,4.174075244416184,11.589597891298713,6.632175130643681e-4,0.015512766354758041
gene-LOC119070574,X,30412055,30416065,-,527,0.46362461229341234,4.499539220511171,11.46106245960599,7.106965591983564e-4,0.01655500554198626
gene-LOC119068545,X,23630301,23638583,+,3569,0.35996653760849695,7.068517769857258,11.45656792439953,7.124175359391339e-4,0.01655500554198626
gene-LOC119080392,associated_contig_143,17782,18643,+,800,0.4398702655941001,4.541538566388748,11.426260051381213,7.241329912532735e-4,0.016772612855846927
gene-LOC119083375,associated_contig_319,6088,6984,-,897,2.816652317771583,2.633413024955202,11.392098172760022,7.375717504792046e-4,0.017026886342485916
gene-LOC119067023,X,4424604,4437758,+,3403,0.35708191699808034,5.773164880768624,11.386282994814433,7.398843238254323e-4,0.017026886342485916
gene-LOC119070296,X,36980587,36982266,-,1618,0.8759366471336375,2.265903952773011,11.310641068037476,7.706416071833225e-4,0.017677675966706826
gene-LOC119068613,X,24115611,24117432,-,1761,0.32678933607166327,6.189475650176898,11.26885909613922,7.881815525155123e-4,0.018022074345018155
gene-LOC119085584,X,52247933,52249679,+,479,-0.378041980873432,5.976926590919367,11.204175047941948,8.161350057687418e-4,0.018601620227329724
gene-LOC119082586,X,56552136,56557687,+,1473,0.253786664284201,6.589953614376795,11.182429429770437,8.25755792397777e-4,0.01872801961640698
gene-LOC119071630,IV,55318701,55322522,-,2174,0.835678124440458,4.103783355154242,11.179790570929473,8.269310595974487e-4,0.01872801961640698
gene-LOC119084803,III,11937672,11976706,+,5086,-0.5582162168115292,3.715446602851445,11.161419957024387,8.351597572774897e-4,0.018854524393726618
gene-LOC119071911,IV,52938114,52939899,+,1614,1.586461018912743,0.13616730902762958,11.152418279249535,8.392220164071422e-4,0.018886466451257262
gene-LOC119067972,X,6993278,6999860,-,3096,-0.25690747032508005,6.965529709578649,11.14493797589715,8.42612902464636e-4,0.01890314605717834
gene-LOC119081762,III,35060942,35124232,-,3012,-0.38265961648878566,5.53015913768137,11.126073260140195,8.512260716407756e-4,0.018981381320180443
gene-LOC119071637,IV,55408776,55410081,-,1247,0.41835062593205424,5.114139132435648,11.125647153342417,8.514216459851055e-4,0.018981381320180443
gene-LOC119067262,X,33160158,33163475,+,2169,-0.2921060298232296,6.3777492827613615,11.050455940132231,8.866539101049621e-4,0.019705261665697197
gene-LOC119069219,X,8692241,8694673,-,1705,-0.2973777775167683,8.438900059251512,11.037991364414777,8.926352450437257e-4,0.019744133827772625
gene-LOC119069077,X,12277191,12294499,+,1307,0.7326679806297177,2.5173828681169015,11.035287290698154,8.939382150785755e-4,0.019744133827772625
gene-LOC119081766,X,56570123,56573338,-,2773,-0.26260273747788465,9.234659631158335,10.986976827690656,9.175435991404474e-4,0.020202950729222072
gene-LOC119081201,associated_contig_71,31762,33024,+,802,1.8973094366141994,3.410682600519042,10.955298691807831,9.333632551178988e-4,0.020488041421572588
gene-LOC119085002,X,52991380,53001245,+,1654,-0.4944220835537182,4.059334352849034,10.934819650134465,9.437367125501711e-4,0.02060957454344652
gene-LOC119069834,X,58910264,58912733,-,2228,0.3048879042628491,7.626459544144474,10.93297320133304,9.446777229754713e-4,0.02060957454344652
gene-LOC119068606,X,24190264,24201123,+,3755,-0.3608355493866454,6.14443479794072,10.926715505974734,9.478739098403003e-4,0.02061625753902653
gene-LOC119067522,X,31298868,31303018,+,2492,0.2640265304842905,6.844700210769086,10.913426111453695,9.546979292171116e-4,0.02070156543171694
gene-LOC119069528,X,41685313,41735166,+,4914,-0.3214683162399417,8.197315633577647,10.905266968125272,9.589121872335102e-4,0.020729938011284428
gene-LOC119070300,X,36964828,36970265,-,1798,-0.5058395099634142,3.839482054298874,10.790108348435302,0.0010204390919323553,0.02199339118382303
gene-LOC119081541,III,30203257,30205924,+,2211,0.5905759908857555,4.30099361302814,10.746712532135742,0.001044647254838394,0.022447329867521397
gene-LOC119067494,X,30970873,30972536,+,1510,-0.6008127771869961,3.577135650969106,10.734795806937715,0.001051396034466734,0.022524502432089127
gene-LOC119068085,X,17953570,17967393,-,1407,0.2782013375116449,7.08544098227115,10.71752690485801,0.0010612542411963044,0.022667628014055197
gene-LOC119069996,X,14602840,14612552,-,2708,-0.24969659529107477,6.692515593308717,10.69270255110661,0.001075589634365477,0.022905243138994967
gene-LOC119069231,X,10729688,10732132,+,1415,0.4241183769948631,5.12600044174353,10.650448349523643,0.0011004422632069652,0.02334472342139494
gene-LOC119075372,IV,27738580,27752586,-,3133,-1.361692790105286,0.09948389296176736,10.646537814663116,0.0011027714876661193,0.02334472342139494
gene-LOC119067923,X,44126608,44150128,+,2982,0.8915232990548437,1.7411158136020495,10.638403279027377,0.0011076326357467108,0.02337825805744685
gene-LOC119068038,X,16813213,16814779,+,958,0.3500117348072998,8.409016530418919,10.55085400528543,0.0011613441643934378,0.024439614362191105
gene-LOC119085768,X,51122835,51124038,-,911,0.3235895181218432,6.123006293603719,10.53860191201077,0.0011690682114989233,0.024529801825980347
gene-LOC119083865,X,54550843,54552064,+,970,-0.33656958250685354,6.166334980700989,10.512664559108995,0.0011855917511952195,0.024803552941427262
gene-LOC119067956,X,42060009,42061204,-,952,0.2986761502421656,8.692904525127336,10.325284907780627,0.0013122000248790905,0.027317123183200585
gene-LOC119067279,X,38396255,38397411,-,939,0.6135816426333036,3.217210139984983,10.31871751508975,0.0013168776698106576,0.027317123183200585
gene-LOC119079501,III,56967203,56968832,+,1552,-1.7063584846740578,-0.6767020681641092,10.31822938821151,0.0013172260127587612,0.027317123183200585
gene-LOC119085620,X,52018640,52028066,-,7804,0.30331932595245553,7.619930989026446,10.244210683964193,0.0013711424221842887,0.02827204214568016
gene-LOC119072852,IV,91553448,91555472,-,885,0.34527740522370043,6.308643180591397,10.244135905069578,0.0013711980070655082,0.02827204214568016
gene-LOC119068103,X,18236278,18263437,-,6059,0.28689393028408006,6.46123816369344,10.20509280580641,0.0014005334417733167,0.028793676004642197
gene-LOC119077027,IV,62740123,62793025,-,6838,-0.7799925203134613,2.1152061779148905,10.178808669745042,0.0014206394085628446,0.029123107875538314
gene-LOC119069636,X,62896549,62901583,+,2847,-0.6315682500095757,3.145195537878033,10.161558101708899,0.0014339937803218776,0.029312640770247204
gene-LOC119069241,X,9164301,9166232,-,1394,-0.691163547143491,2.6804358897657394,10.154042159895376,0.0014398518655278963,0.029323712089581903
gene-LOC119069290,X,10105822,10106734,+,591,0.640363492135899,2.9223094697055942,10.1503273242273,0.0014427562298070155,0.029323712089581903
gene-LOC119068201,X,19691289,19691862,+,574,-0.3792301407336653,4.809512927818787,10.137244456178783,0.0014530321049997265,0.02944866771894332
gene-LOC119068343,X,22118496,22123357,-,1079,0.37365037205961704,5.3374169580562585,10.127942159631479,0.0014603836012471265,0.02951381476288102
gene-LOC119080532,X,48764335,48766868,+,2166,0.31758882415114326,7.129910367011171,10.024977337541902,0.001544315764278553,0.03112098593828363
gene-LOC119071673,IV,55684990,55688743,+,1844,-1.5762751686796805,-0.4676119267914464,10.016018685838858,0.0015518455915722507,0.03112098593828363
gene-LOC119070463,X,45251896,45258002,+,5012,-0.306170707439114,8.086052874999334,10.01465427013341,0.0015529956537747368,0.03112098593828363
gene-LOC119077632,III,40390252,40391327,+,939,0.3530766646028134,6.420360579972716,9.988613153457022,0.0015751118688291227,0.03147576490819877
gene-LOC119073883,III,19657078,19658351,-,1003,0.305718726516233,5.605435821664188,9.97799359305673,0.0015842221821936043,0.03156938840158987
gene-LOC119078525,IV,22014351,22016611,-,1774,-0.9910618387560329,1.7331261469192911,9.905082653601445,0.0016482292616330607,0.03274789386117826
gene-LOC119068787,X,28074287,28074710,+,271,-0.4288091858044503,4.884636754677333,9.90027249457681,0.0016525430039282553,0.03274789386117826
gene-LOC119081469,X,57118636,57127847,+,4641,-0.2502788133056831,6.862788747257048,9.863080302485706,0.0016862853658051078,0.03332398836469152
gene-LOC119068746,X,28291958,28333059,-,8406,-0.5197037832071346,4.124893596481958,9.853679655882317,0.001694924008197863,0.0334021764488496
gene-LOC119083362,III,27487579,27491124,-,3247,2.425140723319318,0.4453288261189257,9.814881948121464,0.0017310538694488042,0.03402021571528311
gene-LOC119068212,X,19762997,19763922,-,745,0.3787471393236912,4.9429841668126935,9.806410592997844,0.0017390459486031976,0.03408338955311871
gene-LOC119067441,X,38514863,38530344,+,4090,0.30829319872673205,8.279446152228294,9.797882590419693,0.0017471292376877927,0.03414799994976633
gene-LOC119080687,III,45508046,45583524,+,4048,-0.3374623987126868,5.4834290668238,9.791087770994306,0.001753596969499011,0.03418076715957909
gene-LOC119067352,X,37196289,37200730,-,2779,0.3284518678498703,8.465973802887769,9.725214530125658,0.0018175710421193692,0.0353312038541678
gene-LOC119083405,associated_contig_83,20205,24736,+,1822,-0.26526238259750423,6.867782563683228,9.667094299436886,0.0018759778371530242,0.036279480684936395
gene-LOC119077512,III,38422505,38424314,+,1613,-0.46785163389001255,5.303074545799339,9.663783086832288,0.0018793620920330703,0.036279480684936395
gene-LOC119083429,associated_contig_54,21707,35777,-,2356,0.48306977693878916,4.469479991363842,9.660364160804379,0.0018828629302016266,0.036279480684936395
gene-LOC119070404,X,46191825,46192662,+,777,-0.5732905090159377,3.4293707776863283,9.656628421926401,0.0018866957294801515,0.036279480684936395
gene-LOC119070615,X,29491466,29493200,+,1138,-0.8001969461930907,5.381439082645939,9.617572171420068,0.0019272434308732482,0.03692271578828335
gene-LOC119069799,X,59490887,59496607,-,2246,-0.4125221661009384,4.325522459062827,9.611195202831329,0.0019339473220492422,0.03692271578828335
gene-LOC119071385,IV,70687175,70689030,+,1577,0.2611385935562982,6.209871216431514,9.609556704502227,0.0019356736339806524,0.03692271578828335
gene-LOC119081871,III,29814225,29819798,+,5574,-0.33173288051640853,5.878058982703941,9.590758878440244,0.0019555910371000323,0.037183522579545804
gene-LOC119067505,X,31120727,31121855,-,988,-0.26194013933503696,6.692464163255763,9.586838761527513,0.001959770744310236,0.037183522579545804
gene-LOC119072210,IV,33185744,33189309,+,2444,4.52775902801642,-1.1166799988228668,9.575448788634754,0.001971966420094372,0.037315672257170425
gene-LOC119079836,III,36432219,36464854,+,6178,-0.6734365170653234,2.7503430154311603,9.547895496383536,0.002001787967951899,0.037779776093568376
gene-LOC119083526,IV,39857546,39861148,+,3023,-1.6222301982819813,-0.3730878520859768,9.540811366154275,0.00200952890638662,0.03782580268644365
gene-LOC119068711,X,28613999,28617038,-,2289,-0.2654142789382013,7.11960795525528,9.49566430967939,0.002059580004256417,0.03866590460622442
gene-LOC119067120,X,4291986,4292633,+,593,-0.3985246334937371,4.7258083795231745,9.486197878855686,0.002070234009946856,0.03868136313579118
gene-LOC119079770,III,6891974,6892508,-,472,2.7060887489212626,1.738473436398072,9.485299803750245,0.0020712476475851175,0.03868136313579118
gene-LOC119066531,IV,87291058,87296577,-,1659,-0.4673405381969928,4.485433393946357,9.447398733135199,0.0021144877531187934,0.039350196695339665
gene-LOC119067449,X,38663225,38670063,-,2269,0.24971903251995362,6.79765514129252,9.444274211083897,0.0021180930096734553,0.039350196695339665
gene-LOC119085864,IV,84048948,84049439,-,429,2.6830702708900604,1.7075589382527714,9.409689408742654,0.002158417852231218,0.03999520248783769
gene-LOC119073889,III,19456337,19457599,-,905,-0.34691026873804726,5.121239598798673,9.34861866859306,0.002231535975985893,0.041242947286744464
gene-LOC119085562,X,52266290,52267776,+,1487,1.0531431095350747,1.0552101556695845,9.341692443460909,0.0022399856300305246,0.04129213820319835
gene-LOC119068036,X,16804390,16806006,-,1017,-0.31574029874804954,8.503219400937027,9.319810331505186,0.002266894581646322,0.041680479240888815
gene-LOC119072249,IV,30563172,30564893,+,1722,0.35844377546285777,7.597165675718436,9.231751139284121,0.0023785405894147346,0.04353196812473073
gene-LOC119077000,IV,63004783,63008562,+,3780,1.5699522974747306,-0.28450768368917356,9.23078466216829,0.0023797964071551703,0.04353196812473073
gene-LOC119085696,X,57751851,57754288,+,1558,0.734248444217794,2.2019880155838156,9.21543793868756,0.002399827985562193,0.04378611981841607
gene-LOC119086047,IV,72565137,72573643,-,7011,-0.27256903439163077,7.31160819994657,9.202227992238774,0.002417207480168208,0.043990709600816316
gene-LOC119070381,X,46430977,46431993,-,843,0.22864788426865987,6.6189856780198815,9.197181377905455,0.002423880661002622,0.04399991001423081
gene-LOC119069852,X,58661438,58746635,-,5809,0.33077529984743886,6.477196874048337,9.16823536515827,0.0024625189941153798,0.04458784391883025
gene-LOC119069060,X,11112643,11114420,-,1370,-0.5984570849601449,3.1008166217069366,9.156966940194426,0.0024777290584819148,0.044749668615721466
gene-LOC119067656,X,67128754,67130826,+,1807,0.23649259910431442,6.917118034748139,9.15088731919452,0.002485974863031003,0.04478521382036156
gene-LOC119072203,IV,33793283,33793835,-,553,-0.9052957391140112,1.276556131507313,9.144361696686675,0.002494856574628988,0.044832007061469024
gene-LOC119073810,III,20315537,20319188,+,1888,0.31614697519352275,6.043687928611192,9.132917982144429,0.0025105099001631096,0.044999943788350816
gene-LOC119067230,X,34525976,34527168,+,686,0.572717357987617,3.010974774388388,9.114438185168837,0.002535998307601575,0.045342887033658234
gene-LOC119067990,X,6835774,6836980,-,909,0.3139581361023578,5.229190913513477,9.100059884676245,0.002556011261235776,0.045586460844140066
gene-LOC119070484,X,44649372,44663026,-,10188,-0.3178568756539285,5.707592405592839,9.08318404737252,0.002579705115007351,0.04589430496374674
gene-LOC119085613,X,51782849,51784317,+,900,0.2856326886150604,8.07420825325338,9.078358228681317,0.0025865215207851785,0.04590110579423249
gene-LOC119069878,X,6402319,6403283,+,889,0.32017907838956094,5.105633639700164,9.070250414689397,0.0025980148910838352,0.04599066559055107
gene-LOC119067843,X,42460849,42471827,-,2812,1.1705900309083197,0.23352738063451875,9.064587631596527,0.002606073003255021,0.04601912080500326
gene-LOC119074198,IV,66459223,66464356,-,4435,0.27534484821795246,5.732882882745448,8.955016562883491,0.002767086783232709,0.04873415844747271
gene-LOC119083464,associated_contig_51,5736,8466,+,2398,0.5080104401124496,5.403212944782241,8.9507949334389,0.002773488692132593,0.04873415844747271
